Vendredi,Freitag,2023-02-21
Mercredi,Mittwoch,2023-02-21
Samedi,Samstag,2023-02-21
lundi,Montag,2023-02-12
mardi,Dienstag,2023-02-12
Mercredi,Mittwoch,2023-02-12
Jeudi,Donnerstag,2023-02-21
Vendredi,Freitay,2023-02-12
Samedi,Samstag,2023-02-19
Dimanche,Sonntag,2023-02-21

Donnerstag,Jeudi,2023-02-23
Freitay,Vendredi,2023-02-23
Mittwoch,Mercredi,2023-02-23
Dienstag,mardi,2023-02-23
Montag,lundi,2023-02-23
Samstag,Samedi,2023-02-23
Freitay,Vendredi,2023-02-23
Donnerstag,Jeudi,2023-02-23
Mittwoch,Mercredi,2023-02-23
Sonntag,Dimanche,2023-02-23
Montag,lundi,2023-02-23
Samstag,Samedi,2023-02-23
Freitay,Vendredi,2023-02-23
Dienstag,mardi,2023-02-23
Montag,lundi,2023-02-23
Montag,lundi,2023-02-23
Sonntag,Dimanche,2023-02-23
Samstag,Samedi,2023-02-23
Mittwoch,Mercredi,2023-02-23
Dienstag,mardi,2023-02-23
Freitay,Vendredi,2023-02-23
Donnerstag,Jeudi,2023-02-23
Sonntag,Dimanche,2023-02-23
Donnerstag,Jeudi,2023-02-23
Dienstag,mardi,2023-02-23
Freitay,Vendredi,2023-02-23
Mittwoch,Mercredi,2023-02-23
Samstag,Samedi,2023-02-23
Montag,lundi,2023-02-23
Sonntag,Dimanche,2023-02-23
Dienstag,mardi,2023-02-23
Freitay,Vendredi,2023-02-23
Mittwoch,Mercredi,2023-02-23
Dienstag,mardi,2023-02-23
Sonntag,Dimanche,2023-02-23
